<?xml version="1.0" encoding="UTF-8"?>
<Configuration status="WARN" monitorInterval="30">
    <Properties>
        <Property name="PID">????</Property>
        <Property name="LOG_PATTERN">%clr{%d{yyyy-MM-dd HH:mm:ss.SSS}}{faint} %clr{%5p} %clr{${sys:PID}}{magenta} %clr{---}{faint} %clr{[%15.15t]}{faint} %clr{%-40.40c{1.}}{cyan} %clr{:}{faint} %m%n%wEx</Property>
    </Properties>
    <Appenders>
        <Console name="Console" target="SYSTEM_OUT" follow="true">
            <PatternLayout pattern="${LOG_PATTERN}"/>
        </Console>
    </Appenders>
    <Loggers>
        <Logger name="org.hibernate.validator.internal.util.Version" level="warn" />
        <Logger name="org.apache.coyote.http11.Http11NioProtocol" level="warn" />
        <Logger name="org.apache.tomcat.util.net.NioSelectorPool" level="warn" />
        <Logger name="org.apache.catalina.startup.DigesterFactory" level="error" />

        <Root level="info">
            <AppenderRef ref="Console"/>
        </Root>
    </Loggers>
</Configuration>